{"train": [0.2939496636390686, 0.3875521123409271, 0.4267013967037201, 0.45451390743255615, 0.4694010615348816, 0.48663195967674255, 0.4999479055404663, 0.5055468678474426, 0.5143489241600037, 0.5234115123748779, 0.529418408870697, 0.5359895825386047, 0.5363802313804626, 0.5494878888130188, 0.5578038096427917, 0.5558333396911621, 0.5595226287841797, 0.5677083730697632, 0.5666753649711609, 0.5742274522781372, 0.5777344107627869, 0.5807986259460449, 0.5826996564865112, 0.5855642557144165, 0.5937240123748779, 0.5940191149711609, 0.6025868058204651, 0.6032292246818542, 0.6163281202316284, 0.6199305653572083, 0.6221354603767395, 0.6255295276641846, 0.6279513835906982, 0.6337413787841797, 0.6331944465637207, 0.6376562714576721, 0.6460069417953491, 0.6488368511199951], "valid": [0.32386642694473267, 0.38227808475494385, 0.4539420008659363, 0.48979783058166504, 0.5083197355270386, 0.5171432495117188, 0.503601610660553, 0.5138446688652039, 0.5129799842834473, 0.5358898639678955, 0.5372923612594604, 0.5507046580314636, 0.5518314242362976, 0.5467524528503418, 0.5663739442825317, 0.5668062567710876, 0.567446231842041, 0.5535573363304138, 0.5765795707702637, 0.57314133644104, 0.5743600130081177, 0.5853826403617859, 0.5720588564872742, 0.5920649766921997, 0.5760893225669861, 0.5789521932601929, 0.5896786451339722, 0.5808619260787964, 0.5985362529754639, 0.5908939242362976, 0.5977430939674377, 0.6064746975898743, 0.6026654839515686, 0.596323549747467, 0.6010995507240295, 0.6029548048973083, 0.6057291626930237, 0.6122549176216125]}