{"train": [0.26728299260139465, 0.37068575620651245, 0.4209461808204651, 0.4505382180213928, 0.4715625047683716, 0.4861545264720917, 0.4969792068004608, 0.5063889026641846, 0.5114930868148804, 0.5212326645851135, 0.5346788167953491, 0.53473961353302, 0.5414496660232544, 0.5485590100288391, 0.5504253506660461, 0.554930567741394, 0.5665798783302307, 0.5661545395851135, 0.5686458349227905, 0.5702691078186035, 0.5760069489479065, 0.584861159324646, 0.5840451717376709, 0.5864409804344177, 0.5914930701255798, 0.5922569632530212, 0.5963802337646484, 0.5982465147972107, 0.6044010519981384, 0.6013194918632507], "valid": [0.28301334381103516, 0.37763822078704834, 0.4648488461971283, 0.4936172664165497, 0.4844192564487457, 0.5045547485351562, 0.5059912800788879, 0.525180459022522, 0.5461022853851318, 0.5510859489440918, 0.5540441274642944, 0.554650068283081, 0.559119701385498, 0.5582925081253052, 0.5669355988502502, 0.5735294222831726, 0.5844601392745972, 0.5816482901573181, 0.5839495062828064, 0.5633646845817566, 0.5894641876220703, 0.582952082157135, 0.5940223336219788, 0.5965720415115356, 0.5925756096839905, 0.5938827395439148, 0.5915441513061523, 0.6065189242362976, 0.6026552319526672, 0.5974945425987244]}