{"train": [0.30287864804267883, 0.4109645187854767, 0.457384318113327, 0.4872114658355713, 0.5075122117996216, 0.5233166813850403, 0.5390073657035828, 0.5477243065834045, 0.564667820930481, 0.5698866844177246, 0.5903668999671936, 0.5930778384208679, 0.5975354313850403, 0.6004235148429871, 0.6050159335136414, 0.6006439924240112, 0.6068001985549927, 0.6127135157585144, 0.6091920137405396, 0.6120249032974243, 0.6167030334472656, 0.6132202744483948, 0.6135592460632324, 0.6187840700149536, 0.6198257207870483, 0.6184391379356384, 0.6151851415634155, 0.6206339001655579, 0.613479495048523, 0.6171300411224365], "valid": [0.34745311737060547, 0.4435974657535553, 0.4745211601257324, 0.5228480696678162, 0.5342371463775635, 0.5551304221153259, 0.538140058517456, 0.5638753771781921, 0.5465286374092102, 0.5568154454231262, 0.5873228907585144, 0.5880754590034485, 0.5899503231048584, 0.5894208550453186, 0.5962275862693787, 0.5937533378601074, 0.5958812832832336, 0.596400797367096, 0.5987651944160461, 0.5968137383460999, 0.5966405272483826, 0.5982690453529358, 0.6011462807655334, 0.5997975468635559, 0.5991947650909424, 0.598861813545227, 0.5984288454055786, 0.5991148352622986, 0.6008964776992798, 0.600816547870636]}