{"train": [0.3703906238079071, 0.4873003661632538, 0.5401822924613953, 0.5909374952316284, 0.6248264312744141, 0.6675347089767456, 0.7167361378669739, 0.7581076622009277, 0.7974566221237183, 0.8342013955116272], "valid": [0.45762529969215393, 0.4839324653148651, 0.5343307852745056, 0.5479235053062439, 0.5430113077163696, 0.5374149084091187, 0.5813896059989929, 0.5591163039207458, 0.5229200720787048, 0.5854268670082092]}