{"train": [0.31144964694976807, 0.39526909589767456, 0.4320920407772064, 0.45966145396232605, 0.4784027934074402, 0.4910503625869751, 0.501831591129303, 0.5163715481758118, 0.5224652886390686, 0.5330729484558105, 0.5413281321525574, 0.5469183921813965, 0.5511371493339539, 0.5575954914093018, 0.5595139265060425, 0.5775260925292969, 0.5807291865348816, 0.5884982943534851, 0.5896788239479065, 0.5947569608688354, 0.6006684303283691, 0.6003559231758118, 0.6057465672492981, 0.6081857681274414, 0.6071527600288391, 0.6135850548744202, 0.6143316030502319, 0.6245399713516235, 0.6333246827125549, 0.635850727558136], "valid": [0.3593205511569977, 0.3869723379611969, 0.46592116355895996, 0.4690121114253998, 0.5128029584884644, 0.4998264014720917, 0.5401008129119873, 0.5494349002838135, 0.5369417667388916, 0.5607638955116272, 0.56558758020401, 0.5643689036369324, 0.5727056264877319, 0.5644199252128601, 0.5516986846923828, 0.5872514843940735, 0.5776994824409485, 0.5930691957473755, 0.5877212882041931, 0.582557201385498, 0.5852022171020508, 0.596973717212677, 0.6031352281570435, 0.6037411689758301, 0.604786217212677, 0.6034824252128601, 0.6064712405204773, 0.6105971336364746, 0.6092932820320129, 0.6129902005195618]}